Czas;Plec;Wiek;Wsparcie;SE;Przekonania_kulturowe;Przekonania_ekonomiczne;Fundamentalizm_religijny;Ksenofobia;Akceptacja_kapitalizmu;Antyinterwencjonizm;GSES_1;GSES_2;GSES_3;GSES_4;GSES_5;GSES_6;GSES_7;GSES_8;GSES_9;GSES_10;KPP_1;KPP_2;KPP_3;KPP_4;KPP_5;KPP_6;KPP_6_ODW;KPP_7;KPP_8;KPP_8_ODW;KPP_9;KPP_10;KPP_11;KPP_11_ODW;KPP_12;KPP_12_ODW;KPP_13;KPP_14;KPP_14_ODW;KPP_15;KPP_16;KPP_16_ODW;KPP_17;KPP_17_ODW;KPP_18;KPP_19;KPP_19_ODW
2020/07/09 6:29:35 PM CET;1;27;1;32;3,33;2,9;3,33;3,33;2,67;3,14;4;2;3;2;3;4;4;4;3;3;2;2;4;2;2;4;2;4;2;4;5;4;1;5;5;1;2;4;2;4;2;4;2;4;2;1;5
2020/07/10 12:21:22 PM CET;1;26;0;34;2,75;2,52;2,5;3;1,33;3,71;4;3;3;3;3;4;4;3;3;4;3;2;3;1;3;2;4;2;1;5;2;1;4;2;2;4;2;2;4;4;5;1;2;4;3;2;4
2020/07/10 3:38:36 PM CET;0;40;1;28;3,83;2,86;3,33;4,33;3;2,71;3;2;2;3;3;3;3;3;3;3;3;4;3;3;3;3;3;4;4;2;4;2;2;4;2;4;3;4;2;4;4;2;3;3;5;3;3
2020/07/11 10:44:10 AM CET;0;57;0;36;2,42;2,05;2,83;2;1,67;2,43;4;3;3;3;3;4;4;4;4;4;2;2;3;1;1;2;4;2;3;3;3;2;1;5;4;2;3;5;1;1;5;1;3;3;3;3;3
2020/07/11 12:02:12 PM CET;0;18;1;30;3,25;2,07;3,5;3;3;1,14;3;3;3;3;3;4;2;3;3;3;4;3;5;3;2;5;1;5;5;1;5;3;4;2;5;1;3;5;1;3;5;1;4;2;1;5;1
2020/07/11 1:03:52 PM CET;0;47;0;29;3;2,69;3,33;2,67;1,67;3,71;3;2;3;3;3;3;2;4;3;3;1;1;5;3;1;1;5;1;2;4;5;1;1;5;1;5;3;5;1;4;4;2;1;5;3;2;4
2020/07/11 1:50:15 PM CET;0;22;1;32;2,75;3,36;3,17;2,33;4;2,71;3;4;3;3;3;4;3;3;3;3;3;5;3;3;4;5;1;2;1;5;3;4;3;3;3;3;3;3;3;2;5;1;3;3;3;3;3
2020/07/11 2:23:13 PM CET;0;19;1;31;1,83;2,79;2,33;1,33;3;2,57;3;3;3;2;3;4;3;3;3;4;1;4;3;3;1;3;3;1;2;4;4;2;2;4;3;3;1;5;1;2;5;1;2;4;1;4;2
2020/07/11 2:34:54 PM CET;1;70;1;28;3,92;2,07;3,83;4;2;2,14;3;3;3;2;3;3;2;3;3;3;4;1;5;3;4;4;2;4;4;2;5;2;4;2;4;2;3;2;4;5;5;1;4;2;3;4;2
2020/07/11 4:15:01 PM CET;0;49;1;27;1,75;2,24;1,17;2,33;2,33;2,14;3;2;3;2;2;3;2;3;3;4;1;3;1;2;1;4;2;2;3;3;2;2;5;1;5;1;1;4;2;3;5;1;2;4;2;4;2
2020/07/11 6:35:30 PM CET;0;67;1;29;2,42;3,21;2,5;2,33;3;3,43;3;3;2;3;3;3;3;3;3;3;1;4;3;3;2;1;5;2;3;3;4;2;3;3;2;4;2;3;3;3;2;4;4;2;2;3;3
2020/07/11 7:30:22 PM CET;0;51;1;36;2,33;3,24;3;1,67;3,33;3,14;4;3;4;4;4;3;4;3;3;4;3;5;4;1;3;1;5;1;2;4;4;4;4;2;4;2;2;3;3;2;4;2;3;3;2;3;3
2020/07/12 6:37:08 AM CET;0;49;0;31;3,75;3,69;4,17;3,33;2,67;4,71;3;3;3;4;3;3;3;3;3;3;3;3;5;3;4;1;5;3;1;5;4;2;1;5;1;5;4;1;5;4;1;5;3;3;3;1;5
2020/07/12 7:49:36 AM CET;0;48;0;28;3,5;1,98;3,67;3,33;1,67;2,29;2;3;3;3;3;4;4;4;1;1;4;2;5;1;3;5;1;2;4;2;3;2;1;5;1;5;2;5;1;3;4;2;2;4;5;5;1
2020/07/12 8:13:51 AM CET;0;61;0;30;1,17;3,38;1,33;1;3,33;3,43;3;3;3;3;3;3;3;3;3;3;1;3;1;3;1;1;5;1;2;4;2;4;4;2;4;2;1;2;4;1;3;3;4;2;1;2;4
2020/07/12 11:54:18 AM CET;1;28;1;27;1,75;3,02;1,5;2;2,33;3,71;3;2;3;3;2;3;3;2;3;3;1;2;1;1;1;1;5;2;2;4;2;4;3;3;4;2;1;2;4;2;1;5;3;3;2;3;3
2020/07/13 6:47:28 AM CET;1;58;0;31;3,17;3,33;4;2,33;3,67;3;3;2;3;3;3;3;3;4;4;3;4;3;4;4;4;3;3;3;2;4;4;4;2;4;4;2;4;4;2;2;4;2;2;4;2;2;4
2020/07/13 5:24:29 PM CET;0;31;0;34;1;1,93;1;1;2;1,86;4;3;3;4;4;4;2;4;4;2;1;2;1;1;1;3;3;1;4;2;1;3;5;1;4;2;1;4;2;1;4;2;5;1;1;5;1
2020/07/13 6:02:33 PM CET;0;35;1;27;1;1,76;1;1;1,67;1,86;2;2;2;3;3;3;3;3;3;3;1;1;1;1;1;2;4;1;5;1;1;3;5;1;4;2;1;3;3;1;5;1;5;1;1;5;1
2020/07/13 7:48:31 PM CET;1;26;1;37;2,17;2,31;1,33;3;2,33;2,29;3;3;3;4;4;4;4;4;4;4;1;1;1;3;1;3;3;3;4;2;1;3;3;3;5;1;1;4;2;3;4;2;3;3;3;3;3
2020/07/13 8:24:35 PM CET;1;41;1;31;1,75;3,07;2,17;1,33;3;3,14;4;3;3;3;3;3;3;3;3;3;1;4;4;1;1;1;5;1;4;2;4;4;5;1;5;1;2;2;4;2;3;3;4;2;1;1;5
2020/07/14 11:39:30 AM CET;0;27;0;36;2,5;3,57;2,67;2,33;4;3,14;4;4;3;3;3;4;4;3;4;4;2;4;3;3;2;1;5;5;1;5;1;5;1;5;5;1;3;4;2;1;5;1;2;4;1;2;4
2020/07/14 12:55:13 PM CET;0;26;0;30;1,92;2,93;2,17;1,67;2;3,86;3;4;3;3;3;3;2;3;3;3;3;2;1;2;1;1;5;2;1;5;3;2;2;4;2;4;1;3;3;2;3;3;1;5;1;4;2
2020/07/14 1:06:15 PM CET;0;46;0;31;1,58;3,29;1,83;1,33;3;3,57;3;3;3;3;3;3;3;3;3;4;2;4;3;3;1;1;5;2;2;4;1;2;3;3;2;4;1;4;2;1;2;4;3;3;1;3;3
2020/07/16 5:35:32 PM CET;0;42;1;40;4,17;2,31;3,67;4,67;2,33;2,29;4;4;4;4;4;4;4;4;4;4;3;3;5;3;3;5;1;4;3;3;3;1;1;5;5;1;3;4;2;5;4;2;3;3;5;2;4
2020/07/16 7:44:54 PM CET;1;25;1;23;1,58;4,33;2,17;1;3,67;5;3;2;2;2;2;3;2;2;2;3;1;3;1;3;1;1;5;1;1;5;4;5;1;5;1;5;1;1;5;1;1;5;1;5;1;1;5
2020/07/16 8:57:56 PM CET;0;28;1;40;1,17;2,76;1,33;1;1,67;3,86;4;4;4;4;4;4;4;4;4;4;1;1;1;1;1;1;5;1;1;5;1;3;3;3;5;1;1;5;1;1;1;5;1;5;1;1;5
2020/07/16 9:05:17 PM CET;0;47;0;30;2,92;2,12;2,83;3;1,67;2,57;3;3;3;3;3;3;3;3;3;3;1;3;4;1;2;3;3;3;2;4;4;1;1;5;3;3;1;5;1;4;3;3;4;2;2;4;2
2020/07/16 9:13:47 PM CET;0;31;0;31;4,08;3,95;4,83;3,33;3,33;4,57;3;3;4;3;3;4;2;3;3;3;4;3;5;3;5;1;5;3;1;5;5;4;1;5;2;4;5;3;3;4;1;5;1;5;3;1;5
2020/07/16 10:00:38 PM CET;0;31;0;28;1,08;3,98;1,17;1;3,67;4,29;3;3;2;2;3;3;3;3;3;3;1;5;1;1;2;1;5;1;1;5;1;5;5;1;5;1;1;2;4;1;1;5;1;5;1;1;5
2020/07/16 10:59:09 PM CET;0;22;0;28;3,17;2,07;2,33;4;2;2,14;3;3;3;3;3;3;2;2;3;3;3;2;3;3;3;3;3;5;2;4;2;1;5;1;5;1;2;5;1;4;4;2;3;3;3;5;1
2020/07/16 11:29:00 PM CET;1;28;0;27;2,92;3,79;2,5;3,33;4;3,57;3;3;3;2;2;3;3;2;3;3;4;4;4;4;2;1;5;4;1;5;1;4;3;3;5;1;1;4;2;4;2;4;2;4;2;2;4
2020/07/17 9:03:51 AM CET;0;22;0;35;3,08;2,26;3,5;2,67;2,67;1,86;3;3;2;4;4;4;3;4;4;4;5;2;5;2;2;4;2;4;4;2;2;4;1;5;4;2;2;4;2;2;5;1;4;2;2;4;2
2020/07/18 4:31:05 PM CET;0;47;0;25;3;2,62;4,33;1,67;2,67;2,57;3;1;2;3;3;3;3;2;2;3;4;4;4;1;3;1;5;1;3;3;5;3;1;5;5;1;5;5;1;2;4;2;3;3;2;3;3
2020/08/10 2:32:29 PM CET;0;27;1;34;2,67;2,74;1,67;3,67;2,33;3,14;3;3;3;3;4;4;2;4;4;4;1;5;1;1;1;4;2;4;1;5;5;1;5;1;3;3;1;3;3;3;5;1;1;5;4;3;3
2020/07/10 11:32:24 AM CET;1;51;1;10;1;2,07;1;1;1;3,14;1;1;1;1;1;1;1;1;1;1;1;1;1;1;1;1;5;1;4;2;1;1;5;1;4;2;1;1;5;1;1;5;5;1;1;4;2
2020/07/10 4:54:57 PM CET;1;32;1;31;2,17;2,5;1,67;2,67;2;3;3;4;3;3;3;3;3;3;3;3;1;2;1;2;1;3;3;2;1;5;3;2;3;3;4;2;1;2;4;3;3;3;3;3;3;5;1
2020/07/11 2:10:51 PM CET;0;26;1;27;1;2,14;1;1;2;2,29;3;1;3;3;3;3;2;3;3;3;1;1;1;2;1;4;2;1;3;3;1;3;5;1;4;2;1;4;2;1;3;3;5;1;1;3;3
2020/07/11 2:22:03 PM CET;1;25;1;33;4,17;2,93;4,67;3,67;2;3,86;4;3;4;3;3;4;3;2;3;4;5;3;5;2;5;2;4;4;1;5;5;1;1;5;5;1;3;3;3;4;1;5;2;4;3;1;5
2020/07/11 3:48:44 PM CET;0;57;0;26;1,83;2,64;2;1,67;2;3,29;3;2;2;3;3;2;2;3;3;3;1;2;3;1;2;2;4;1;3;3;1;3;2;4;4;2;1;2;4;2;3;3;3;3;2;2;4
2020/07/11 5:33:10 PM CET;1;25;0;31;4,92;2,57;4,83;5;3;2,14;3;3;3;3;3;4;3;3;3;3;5;2;5;3;4;3;3;5;3;3;5;4;1;5;5;1;5;5;1;5;5;1;1;5;5;5;1
2020/07/12 1:16:21 PM CET;1;38;0;29;4,17;3,26;3,67;4,67;2,67;3,86;3;3;3;3;3;3;2;3;3;3;3;4;4;2;1;1;5;4;2;4;5;2;1;5;5;1;4;4;2;5;1;5;1;5;5;1;5
2020/07/12 10:32:15 PM CET;1;49;0;28;1,67;3,24;1,33;2;3,33;3,14;3;3;3;2;3;3;3;2;3;3;1;3;1;4;2;3;3;2;2;4;1;3;4;2;4;2;1;3;3;2;4;2;3;3;2;1;5
2020/07/14 11:35:57 AM CET;0;27;1;38;1,83;2,57;1,67;2;2;3,14;3;3;4;4;4;4;4;4;4;4;1;2;1;2;1;1;5;2;2;4;1;2;1;5;4;2;1;3;3;2;2;4;3;3;2;5;1
2020/07/14 11:36:16 AM CET;0;38;1;39;2,5;3,19;1,67;3,33;3,67;2,71;4;4;3;4;4;4;4;4;4;4;1;3;1;5;1;4;2;5;1;5;3;3;3;3;4;2;1;5;1;3;3;3;3;3;2;3;3
2020/07/14 11:58:19 AM CET;1;26;0;26;2,33;2,26;2,33;2,33;1,67;2,86;1;2;2;3;3;3;3;3;3;3;2;1;4;1;1;3;3;2;2;4;4;3;4;2;4;2;1;2;4;4;4;2;5;1;1;2;4
2020/07/14 1:55:10 PM CET;0;39;0;39;1,75;2,62;2,17;1,33;1,67;3,57;4;4;4;3;4;4;4;4;4;4;1;1;5;1;1;1;5;1;1;5;1;3;2;4;5;1;1;4;2;2;1;5;4;2;1;1;5
2020/07/14 10:33:26 PM CET;1;28;1;35;4,83;2,93;5;4,67;2;3,86;4;4;4;3;4;4;3;3;3;3;5;3;5;2;5;1;5;4;1;5;5;1;1;5;1;5;5;3;3;5;1;5;5;1;5;3;3
2020/07/15 10:58:41 AM CET;0;57;1;30;1,08;2,4;1,17;1;2,67;2,14;3;3;3;3;3;3;3;3;3;3;1;3;2;1;1;1;5;1;3;3;1;4;5;1;5;1;1;5;1;1;5;1;5;1;1;3;3
2020/07/15 6:02:49 PM CET;0;39;0;28;1,33;1,81;1,33;1,33;1,33;2,29;3;2;3;2;3;3;3;3;3;3;1;2;2;1;1;2;4;1;2;4;1;1;4;2;5;1;1;5;1;1;5;1;2;4;2;5;1
2020/07/15 11:15:40 PM CET;1;18;1;39;2,25;3,36;2,5;2;4;2,71;4;4;4;4;4;4;4;3;4;4;2;5;3;3;1;1;5;2;3;3;4;4;2;4;5;1;1;5;1;2;2;4;4;2;2;3;3
2020/07/15 11:16:20 PM CET;0;22;1;30;2,17;1,86;1,33;3;2;1,71;4;4;2;2;2;3;3;3;3;4;1;3;1;1;1;3;3;4;4;2;3;2;5;1;5;1;1;5;1;3;5;1;5;1;2;3;3
2020/07/15 11:23:39 PM CET;1;19;0;31;2,08;3,36;2,5;1,67;3;3,71;4;4;3;3;3;4;3;2;2;3;3;5;3;2;1;1;5;2;1;5;3;2;4;2;4;2;3;3;3;2;4;2;2;4;1;1;5
2020/07/15 11:35:39 PM CET;0;28;0;39;3,67;2,29;2,33;5;3;1,57;4;4;3;4;4;4;4;4;4;4;3;3;2;2;1;3;3;5;5;1;2;4;4;2;5;1;4;5;1;5;5;1;3;3;5;5;1
2020/07/16 12:14:31 AM CET;0;19;1;18;2,67;3,74;2;3,33;4,33;3,14;2;2;1;1;1;1;1;3;3;3;1;5;4;3;1;5;1;4;2;4;3;5;4;2;2;4;1;2;4;3;2;4;4;2;3;3;3
2020/07/16 5:50:27 AM CET;0;24;0;28;1,92;3,64;2,17;1,67;3;4,29;3;3;2;3;3;3;3;3;3;2;1;2;2;3;1;1;5;1;2;4;3;4;1;5;2;4;1;2;4;1;1;5;2;4;3;2;4
2020/07/16 7:20:01 AM CET;0;23;0;33;1;1,36;1;1;1;1,71;3;2;3;4;4;4;3;3;3;4;1;1;1;1;1;1;5;1;5;1;1;1;5;1;5;1;1;4;2;1;5;1;5;1;1;5;1
2020/07/16 7:47:00 AM CET;0;40;0;25;1,5;2,76;1,67;1,33;2,67;2,86;2;2;2;3;2;3;3;2;3;3;1;2;1;3;1;1;5;1;3;3;1;3;1;5;4;2;1;4;2;1;3;3;4;2;2;3;3
2020/07/16 9:48:36 AM CET;0;24;0;27;4,33;2,69;4;4,67;2,67;2,71;3;2;2;2;2;4;3;3;3;3;2;3;5;3;4;3;3;5;3;3;5;2;1;5;4;2;3;2;4;5;5;1;3;3;4;3;3
2020/07/16 10:50:35 AM CET;1;28;0;37;1,83;3,14;2;1,67;3;3,29;4;3;3;3;4;4;4;4;4;4;2;3;3;2;2;1;5;1;3;3;2;4;4;2;4;2;1;3;3;2;2;4;3;3;2;3;3
2020/07/16 11:58:05 AM CET;1;63;0;33;2,83;2,36;3;2,67;2;2,71;4;4;3;3;3;3;4;3;3;3;4;2;4;2;2;4;2;4;4;2;2;2;4;2;4;2;4;4;2;2;4;2;2;4;2;1;5
2020/07/16 2:51:43 PM CET;1;28;0;33;1,42;2,83;1,17;1,67;1,67;4;4;3;3;3;3;3;3;4;4;3;1;3;1;1;1;1;5;1;1;5;1;1;4;2;4;2;1;3;3;3;2;4;1;5;1;2;4
2020/07/16 3:04:12 PM CET;1;25;0;29;3,5;2,64;4;3;2;3,29;3;3;3;3;3;3;2;3;3;3;3;2;4;3;4;2;4;3;3;3;5;1;1;5;3;3;3;3;3;4;2;4;3;3;2;3;3
2020/07/16 4:44:02 PM CET;0;32;0;28;1,83;3,29;1,67;2;3;3,57;3;3;3;2;3;3;2;2;3;4;1;3;2;3;1;1;5;3;2;4;1;3;2;4;5;1;1;2;4;2;2;4;3;3;1;2;4
2020/07/16 4:50:50 PM CET;0;25;1;35;2,92;2,57;2,17;3,67;2;3,14;4;3;3;3;4;3;4;3;4;4;3;2;3;2;2;3;3;4;4;2;1;2;4;2;2;4;2;1;5;3;4;2;2;4;4;4;2
2020/07/16 5:07:34 PM CET;1;26;0;38;1,67;3,31;2,33;1;2,33;4,29;4;3;3;4;4;4;4;4;4;4;1;3;4;1;2;1;5;1;1;5;1;3;2;4;4;2;2;1;5;1;1;5;1;5;1;3;3
2020/07/16 5:07:39 PM CET;0;26;0;31;3;1,88;3,67;2,33;2,33;1,43;3;3;4;3;3;3;3;3;3;3;2;3;4;2;3;3;3;4;5;1;5;2;1;5;5;1;3;5;1;2;5;1;4;2;1;5;1
2020/07/16 5:12:55 PM CET;1;29;0;29;2,67;4,24;1,33;4;4,33;4,14;4;2;1;3;4;3;2;3;3;4;1;5;2;4;1;1;5;5;2;4;1;4;4;2;1;5;1;1;5;4;4;2;3;3;3;1;5
2020/07/16 5:20:28 PM CET;0;28;0;36;1,75;2,21;1,83;1,67;2;2,43;4;4;4;4;4;4;3;3;3;3;1;2;2;2;2;2;4;1;2;4;1;2;2;4;5;1;1;5;1;2;5;1;2;4;2;4;2
2020/07/16 6:11:08 PM CET;0;27;0;30;2,25;2,93;2,17;2,33;3;2,86;3;3;3;3;3;3;3;3;3;3;1;4;3;2;2;3;3;2;2;4;2;3;3;3;4;2;2;3;3;2;3;3;3;3;3;4;2
2020/07/16 7:49:06 PM CET;1;25;0;32;1,58;3,38;1,83;1,33;4,33;2,43;4;4;1;2;4;4;1;4;4;4;3;5;2;4;2;3;3;1;1;5;1;4;5;1;5;1;2;5;1;1;5;1;2;4;2;4;2
2020/07/16 8:11:59 PM CET;1;28;1;32;2,58;2,43;2,17;3;3;1,86;4;3;3;3;3;3;4;3;3;3;1;3;1;4;1;1;5;3;5;1;5;2;4;2;5;1;3;5;1;3;5;1;5;1;3;3;3
2020/07/16 8:31:30 PM CET;0;29;1;31;4,83;2,86;5;4,67;3;2,71;3;2;3;3;4;3;4;3;3;3;5;3;5;3;5;3;3;5;3;3;5;3;1;5;4;2;5;3;3;5;4;2;3;3;4;3;3
2020/07/16 10:29:00 PM CET;0;27;1;31;2;3,38;2;2;3,33;3,43;3;3;3;4;3;4;2;2;3;4;2;4;2;3;1;3;3;2;1;5;2;3;2;4;4;2;1;3;3;1;2;4;2;4;3;3;3
2020/07/16 11:17:12 PM CET;0;25;0;30;4,17;2,26;5;3,33;2,67;1,86;3;3;2;2;2;3;3;4;4;4;5;5;5;1;5;3;3;4;5;1;5;2;1;5;5;1;5;5;1;3;5;1;3;3;3;3;3
2020/07/17 6:36:30 AM CET;0;28;0;34;3;2,48;2,33;3,67;2,67;2,29;4;3;3;3;3;4;4;3;3;4;4;1;3;5;1;5;1;4;3;3;1;2;3;3;4;2;2;3;3;4;5;1;1;5;3;5;1
2020/07/17 8:05:36 AM CET;1;28;0;22;2,17;2,29;1,33;3;1;3,57;2;2;2;2;2;2;2;2;3;3;2;1;2;1;1;1;5;3;1;5;1;1;5;1;4;2;1;4;2;3;2;4;1;5;3;4;2
2020/07/17 8:31:03 AM CET;1;44;1;31;2,33;4,83;3,33;1,33;4,67;5;4;2;2;3;3;4;3;3;3;4;1;4;3;5;3;1;5;1;1;5;5;5;1;5;1;5;3;1;5;2;1;5;1;5;1;1;5
2020/07/17 9:24:53 AM CET;0;25;0;25;2,83;2,02;2,67;3;2,33;1,71;3;3;2;2;2;3;2;2;3;3;3;3;2;1;2;3;3;4;4;2;4;3;2;4;5;1;1;4;2;3;5;1;5;1;2;4;2
2020/07/17 11:05:58 AM CET;0;24;0;28;2;2,5;1;3;3;2;3;3;2;3;3;3;2;3;3;3;1;3;1;2;1;4;2;5;3;3;1;4;5;1;5;1;1;5;1;2;3;3;4;2;2;4;2
2020/07/17 12:25:54 PM CET;0;24;1;23;3,67;1,95;2,67;4,67;1,33;2,57;3;2;3;2;2;3;1;2;2;3;2;1;5;2;3;2;4;5;3;3;2;1;4;2;2;4;2;5;1;4;5;1;2;4;5;5;1
2020/07/17 2:42:35 PM CET;1;29;1;30;2,08;2,95;1,83;2,33;2,33;3,57;3;3;3;3;3;3;3;3;3;3;1;3;2;2;2;1;5;2;2;4;3;2;4;2;4;2;1;2;4;4;2;4;3;3;1;3;3
2020/07/17 9:57:50 PM CET;1;35;1;28;2,25;2,55;1,83;2,67;1,67;3,43;2;3;2;3;3;3;3;3;3;3;1;1;1;2;1;2;4;4;4;2;3;2;2;4;3;3;1;2;4;2;3;3;3;3;2;1;5
2020/07/19 6:27:55 PM CET;1;28;1;30;1;2,93;1;1;3;2,86;1;3;2;3;3;2;4;4;4;4;1;4;1;3;1;2;4;1;1;5;1;2;5;1;4;2;1;3;3;1;4;2;5;1;1;3;3
2020/07/20 5:19:01 PM CET;0;27;0;20;1,83;2,55;1,67;2;2,67;2,43;2;2;2;1;2;2;2;2;2;3;1;2;3;2;2;2;4;2;3;3;1;4;5;1;4;2;2;4;2;2;5;1;4;2;2;3;3
2020/07/22 9:13:39 PM CET;0;33;1;32;1,92;3,12;1,5;2,33;2,67;3,57;3;3;4;3;3;4;3;3;3;3;2;5;1;1;1;1;5;4;4;2;2;2;4;2;1;5;1;4;2;1;2;4;2;4;2;3;3
2020/08/04 5:08:46 AM CET;1;55;1;35;2,58;2,79;3,17;2;2;3,57;4;3;3;3;3;4;4;3;4;4;1;2;5;1;2;1;5;1;3;3;5;3;1;5;5;1;1;3;3;4;2;4;2;4;1;1;5
2020/07/09 9:27:02 PM CET;1;28;0;28;1,5;3,9;1;2;3,67;4,14;2;3;3;3;3;2;3;3;3;3;1;4;1;4;1;1;5;1;2;4;1;3;5;1;2;4;1;2;4;4;1;5;4;2;1;1;5
2020/07/10 3:57:46 PM CET;0;28;0;30;2,75;2,4;2,17;3,33;2,67;2,14;3;3;3;3;3;3;3;3;3;3;2;3;3;1;1;2;4;3;4;2;2;4;3;3;3;3;2;5;1;4;5;1;4;2;3;4;2
2020/07/10 7:24:42 PM CET;1;71;1;28;1,58;3,76;1,83;1,33;3,67;3,86;3;2;3;3;2;3;3;3;3;3;1;3;4;4;2;1;5;2;2;4;2;4;5;1;3;3;1;2;4;1;2;4;3;3;1;2;4
2020/07/11 10:44:23 AM CET;0;18;1;37;4,92;1,93;4,83;5;2;1,86;4;4;3;4;3;4;4;4;3;4;5;3;5;1;4;5;1;5;4;2;5;2;1;5;4;2;5;5;1;5;4;2;4;2;5;3;3
2020/07/11 1:02:09 PM CET;0;19;1;28;3;2,02;1,67;4,33;2,33;1,71;3;3;4;3;2;3;2;2;3;3;1;3;3;2;1;4;2;5;4;2;2;2;4;2;5;1;1;4;2;4;5;1;4;2;4;4;2
2020/07/11 1:41:39 PM CET;1;30;1;37;1,08;3,14;1,17;1;3;3,29;2;4;3;4;4;4;4;4;4;4;1;3;2;4;1;1;5;1;4;2;1;2;5;1;5;1;1;1;5;1;5;1;2;4;1;1;5
2020/07/11 4:31:47 PM CET;0;60;1;34;1,08;2,6;1,17;1;2,33;2,86;3;3;4;3;3;4;3;3;4;4;1;2;2;3;1;1;5;1;2;4;1;2;5;1;4;2;1;4;2;1;4;2;4;2;1;3;3
2020/07/11 4:49:03 PM CET;0;40;0;37;1;1,43;1;1;1;1,86;3;4;3;4;3;4;4;4;4;4;1;1;1;1;1;3;3;1;3;3;1;1;5;1;5;1;1;5;1;1;3;3;5;1;1;5;1
2020/07/11 6:20:07 PM CET;0;24;0;26;2,42;2,86;1,5;3,33;3;2,71;3;3;2;3;3;3;2;1;3;3;1;4;1;2;1;4;2;2;4;2;1;3;2;4;4;2;1;5;1;4;2;4;1;5;4;3;3
2020/07/11 8:30:32 PM CET;0;54;0;35;3,67;1,86;3,67;3,67;1;2,71;4;3;4;4;3;3;4;4;3;3;3;1;3;1;3;3;3;3;5;1;5;1;1;5;1;5;3;5;1;5;5;1;3;3;3;1;5
2020/07/11 11:03:54 PM CET;0;18;1;28;2,75;1,95;3,5;2;2,33;1,57;3;3;3;3;3;3;2;2;3;3;4;3;3;1;3;3;3;2;5;1;4;3;2;4;5;1;3;5;1;2;5;1;5;1;2;3;3
2020/07/12 6:15:40 PM CET;1;25;0;35;2,67;3,79;2,67;2,67;3;4,57;4;2;4;4;4;4;4;3;3;3;2;3;3;3;3;1;5;2;1;5;3;3;3;3;2;4;2;3;3;4;1;5;1;5;2;1;5
2020/07/12 7:35:36 PM CET;1;57;0;30;1,67;3,05;1,67;1,67;1,67;4,43;3;3;3;3;3;3;3;3;3;3;1;3;2;1;1;1;5;1;3;3;2;1;3;3;2;4;1;1;5;2;1;5;2;4;2;1;5
2020/07/14 11:36:18 AM CET;1;26;1;36;1,17;3;1;1,33;2;4;4;4;3;3;3;4;4;4;3;4;1;1;1;1;1;1;5;1;3;3;1;4;5;1;4;2;1;1;5;1;1;5;3;3;2;1;5
2020/07/14 10:17:27 PM CET;1;20;0;33;2,83;3,38;4,67;1;3,33;3,43;4;3;3;4;4;4;3;3;4;1;3;3;5;2;5;1;5;1;1;5;5;5;1;5;5;1;5;3;3;1;1;5;5;1;1;2;4
2020/07/14 11:16:41 PM CET;1;24;0;20;1,33;2,79;1;1,67;3;2,57;2;2;2;2;2;2;2;2;2;2;1;3;1;3;1;3;3;2;2;4;1;3;5;1;5;1;1;3;3;1;4;2;4;2;2;3;3
2020/07/15 4:28:09 PM CET;0;32;0;38;2,92;2,19;3,17;2,67;1,67;2,71;4;3;3;4;4;4;4;4;4;4;3;2;3;2;2;2;4;2;2;4;4;1;2;4;5;1;3;2;4;2;5;1;3;3;4;4;2
2020/07/15 6:01:15 PM CET;0;36;1;36;1;3,17;1;1;3,33;3;4;4;4;3;3;4;4;3;3;4;1;4;1;2;1;1;5;1;4;2;1;4;5;1;5;1;1;4;2;1;4;2;1;5;1;2;4
2020/07/15 10:51:52 PM CET;0;35;0;30;1;1,64;1;1;2;1,29;3;3;3;3;3;3;3;3;3;3;1;3;1;1;1;4;2;1;4;2;1;2;5;1;5;1;1;5;1;1;5;1;5;1;1;5;1
2020/07/15 10:56:50 PM CET;0;28;1;14;1,92;3,71;1,5;2,33;4;3,43;1;1;1;2;1;1;2;2;1;2;1;5;1;4;1;3;3;1;3;3;1;3;2;4;5;1;1;3;3;1;1;5;1;5;5;2;4
2020/07/15 11:02:35 PM CET;1;26;0;30;1,67;2,79;1,33;2;2;3,57;3;3;3;2;3;3;3;4;3;3;1;2;1;2;2;1;5;2;3;3;1;2;4;2;4;2;1;2;4;2;1;5;2;4;2;4;2
2020/07/15 11:03:15 PM CET;1;23;0;26;3,5;1,5;2;5;2;1;3;3;2;2;2;3;2;3;3;3;2;1;2;4;1;5;1;5;5;1;3;1;3;3;5;1;1;5;1;5;5;1;5;1;5;5;1
2020/07/15 11:10:37 PM CET;1;22;0;31;4,25;4;3,5;5;5;3;4;3;3;3;3;3;3;3;3;3;4;5;5;5;1;2;4;5;1;5;4;5;2;4;5;1;3;5;1;5;2;4;2;4;5;4;2
2020/07/16 12:02:33 AM CET;0;22;0;29;3,42;2,31;2,5;4,33;2,33;2,29;3;3;2;2;3;3;4;3;3;3;3;2;3;4;2;2;4;5;4;2;2;1;3;3;4;2;2;4;2;4;5;1;3;3;4;4;2
2020/07/16 12:10:29 AM CET;1;22;0;28;1,83;3,07;1,67;2;3;3,14;3;3;2;3;3;3;3;2;3;3;2;3;2;2;2;2;4;2;2;4;1;4;4;2;4;2;1;4;2;2;2;4;3;3;2;3;3
2020/07/16 5:57:36 AM CET;0;47;1;36;1,5;3,05;1,67;1,33;2,67;3,43;2;4;4;4;4;2;4;4;4;4;1;4;1;2;1;1;5;1;2;4;2;2;2;4;4;2;1;3;3;1;2;4;2;4;2;4;2
2020/07/16 5:59:12 AM CET;0;27;0;23;3,08;3,52;4,17;2;3,33;3,71;2;2;3;2;1;3;2;2;3;3;4;3;5;3;4;2;4;2;1;5;4;4;2;4;2;4;4;3;3;3;3;3;2;4;1;3;3
2020/07/16 7:12:34 AM CET;1;26;0;32;3,42;3,67;3,17;3,67;3,33;4;3;3;2;3;3;4;3;3;4;4;1;4;4;2;3;1;5;4;1;5;4;4;2;4;2;4;3;4;2;4;2;4;2;4;3;2;4
2020/07/16 7:18:22 AM CET;1;35;0;28;1,42;2,17;1,17;1,67;2,33;2;2;3;3;3;3;3;2;3;3;3;1;2;1;2;1;4;2;2;4;2;1;3;4;2;5;1;1;4;2;1;3;3;4;2;2;4;2
2020/07/16 1:51:10 PM CET;0;25;1;33;2,17;3,88;3;1,33;4,33;3,43;3;4;3;3;4;4;3;3;3;3;4;5;4;4;3;1;5;1;1;5;3;4;5;1;5;1;3;3;3;1;3;3;2;4;2;3;3
2020/07/16 1:54:39 PM CET;1;25;1;38;2,92;4,67;2,5;3,33;4,33;5;4;3;4;4;4;4;4;4;3;4;3;5;3;4;1;1;5;2;1;5;4;4;4;2;1;5;2;1;5;4;1;5;1;5;4;1;5
2020/07/16 2:28:24 PM CET;0;33;1;30;1;2,55;1;1;2,67;2,43;3;2;3;3;3;4;3;3;3;3;1;2;1;2;1;1;5;1;5;1;1;4;5;1;5;1;1;4;2;1;4;2;4;2;1;2;4
2020/07/16 4:44:57 PM CET;0;42;0;33;1,67;2,55;1,33;2;1,67;3,43;3;3;3;4;4;3;4;3;3;3;1;3;1;1;1;3;3;3;1;5;1;1;3;3;4;2;1;3;3;2;4;2;2;4;1;1;5
2020/07/16 4:51:33 PM CET;0;25;1;24;1,33;3,67;1,33;1,33;3,33;4;2;3;3;2;3;3;2;2;2;2;1;3;1;3;1;1;5;2;1;5;2;4;4;2;2;4;1;2;4;1;1;5;4;2;1;3;3
2020/07/16 5:10:30 PM CET;0;24;0;40;1,08;2,93;1,17;1;3;2,86;4;4;4;4;4;4;4;4;4;4;1;3;1;4;1;1;5;1;4;2;1;2;4;2;5;1;1;2;4;1;4;2;2;4;1;4;2
2020/07/16 6:04:40 PM CET;0;24;0;28;2,92;2,29;1,83;4;2;2,57;2;3;3;3;3;4;1;2;3;4;1;3;1;2;1;2;4;4;2;4;2;1;1;5;5;1;1;5;1;3;5;1;2;4;5;3;3
2020/07/16 7:08:38 PM CET;0;28;0;29;1,42;3,5;1,5;1,33;4;3;3;3;3;3;3;3;2;3;3;3;1;5;1;3;1;1;5;1;4;2;1;4;2;4;4;2;1;3;3;2;4;2;2;4;1;3;3
2020/07/16 7:35:09 PM CET;0;25;0;30;1,5;2,26;1;2;2,67;1,86;4;4;4;2;2;3;3;3;3;2;1;3;1;4;1;3;3;2;3;3;1;1;5;1;5;1;1;5;1;3;3;3;5;1;1;5;1
2020/07/16 7:52:06 PM CET;0;30;1;30;2,92;3,29;2,83;3;3;3,57;3;3;3;3;3;3;3;3;3;3;2;4;3;2;2;2;4;4;3;3;4;3;1;5;1;5;1;4;2;2;4;2;2;4;3;1;5
2020/07/16 7:57:45 PM CET;0;28;0;38;2,67;3,12;3,33;2;2,67;3,57;4;3;4;4;3;4;4;4;4;4;1;3;4;3;3;2;4;1;1;5;4;2;1;5;4;2;3;3;3;3;1;5;3;3;2;3;3
2020/07/16 8:02:52 PM CET;0;25;0;36;1,08;2,36;1,17;1;2;2,71;4;3;3;3;3;4;4;4;4;4;1;2;1;2;1;2;4;1;2;4;2;2;5;1;5;1;1;4;2;1;2;4;4;2;1;4;2
2020/07/16 8:08:02 PM CET;0;28;0;35;1,58;2,83;1,17;2;2,67;3;4;3;3;3;3;4;4;3;4;4;1;3;2;3;1;2;4;3;3;3;1;2;5;1;4;2;1;3;3;2;4;2;2;4;1;3;3
2020/07/16 8:09:57 PM CET;1;28;0;30;2,25;4,19;1,5;3;3,67;4,71;4;3;2;3;3;3;4;2;3;3;1;4;2;2;1;1;5;3;1;5;1;5;3;3;2;4;1;1;5;3;1;5;2;4;3;1;5
2020/07/16 8:35:38 PM CET;0;25;0;31;1,25;3,1;1,17;1,33;3,33;2,86;3;3;3;3;3;3;3;3;3;4;1;4;1;2;1;1;5;1;3;3;1;4;4;2;5;1;1;3;3;1;4;2;2;4;2;4;2
2020/07/16 9:24:16 PM CET;0;24;0;26;2,08;3,36;2,17;2;3;3,71;3;2;2;3;3;2;3;3;2;3;1;4;3;1;2;1;5;3;4;2;3;4;3;3;1;5;1;3;3;2;2;4;2;4;1;3;3
2020/07/16 10:19:55 PM CET;1;33;0;31;3,33;4,83;3;3,67;4,67;5;3;3;4;3;3;3;3;3;3;3;3;5;5;4;2;1;5;4;1;5;2;5;3;3;1;5;3;1;5;5;1;5;1;5;2;1;5
2020/07/17 12:01:45 AM CET;1;28;0;23;1,17;2,71;1;1,33;2;3,43;3;1;2;1;3;3;3;1;3;3;1;4;1;1;1;1;5;1;4;2;1;1;5;1;1;5;1;1;5;2;1;5;5;1;1;5;1
2020/07/17 5:52:01 AM CET;1;24;0;29;4,25;3,64;4,17;4,33;3;4,29;4;4;1;2;2;4;3;3;3;3;5;2;5;3;2;1;5;5;1;5;5;4;2;4;1;5;4;1;5;4;5;1;2;4;4;1;5
2020/07/18 3:53:12 AM CET;0;33;1;28;4,17;1,55;4;4,33;1,67;1,43;3;3;3;3;2;3;3;2;3;3;5;3;5;1;3;3;3;5;5;1;5;1;3;3;5;1;3;5;1;5;5;1;4;2;3;5;1
2020/07/20 5:45:05 PM CET;0;28;1;35;2,42;3,26;2,17;2,67;3,67;2,86;4;3;3;3;3;4;3;4;4;4;1;5;3;4;1;4;2;4;3;3;2;2;1;5;2;4;1;4;2;2;4;2;2;4;2;3;3
2020/07/30 6:01:53 PM CET;1;70;1;35;2,25;2,81;2,17;2,33;2,33;3,29;3;3;3;3;4;4;4;4;4;3;1;1;2;2;2;1;5;5;5;1;4;4;3;3;3;3;1;4;2;1;3;3;2;4;1;1;5
2020/07/10 11:24:18 AM CET;0;63;1;27;1;2,76;1;1;1,67;3,86;3;2;2;3;3;3;2;3;3;3;1;1;1;1;1;2;4;1;1;5;1;3;5;1;4;2;1;1;5;1;2;4;2;4;1;3;3
2020/07/10 3:42:44 PM CET;0;37;0;30;2,5;2,98;2,67;2,33;2,67;3,29;3;3;3;3;3;3;3;3;3;3;3;3;3;1;3;1;5;1;2;4;3;4;5;1;5;1;3;2;4;3;3;3;3;3;3;3;3
2020/07/11 11:35:12 AM CET;0;18;1;28;2,17;2;3,33;1;2;2;3;3;3;3;3;3;2;2;3;3;4;2;2;2;4;4;2;1;2;4;4;2;2;4;5;1;2;4;2;1;4;2;4;2;1;5;1
2020/07/11 12:00:00 PM CET;1;59;1;29;1,58;3,71;2,17;1;3;4,43;3;2;3;3;3;3;3;3;3;3;1;3;2;2;2;1;5;1;1;5;2;4;1;5;2;4;1;1;5;1;1;5;4;2;1;1;5
2020/07/11 12:14:55 PM CET;0;56;0;30;3,33;2,07;3,33;3,33;2;2,14;3;3;3;3;3;3;3;3;3;3;3;2;5;2;3;3;3;4;5;1;4;2;5;1;4;2;4;3;3;3;5;1;3;3;3;4;2
2020/07/11 12:26:44 PM CET;1;20;0;27;1,25;3,74;1,5;1;3,33;4,14;3;3;1;3;3;3;2;3;3;3;1;3;4;3;1;1;5;1;1;5;1;4;5;1;3;3;1;3;3;1;2;4;2;4;1;1;5
2020/07/11 3:00:11 PM CET;1;20;0;34;3,33;4,33;3,67;3;4,67;4;4;4;3;3;3;4;3;3;3;4;4;5;4;4;2;1;5;3;2;4;4;5;1;5;3;3;3;1;5;3;2;4;2;4;3;3;3
2020/07/11 4:20:44 PM CET;0;57;0;32;1;3,45;1;1;2,33;4,57;4;3;3;3;3;4;3;3;3;3;1;2;1;1;1;1;5;1;1;5;1;4;5;1;1;5;1;2;4;1;1;5;3;3;1;1;5
2020/07/11 5:34:26 PM CET;1;55;1;30;1;2,93;1;1;2;3,86;3;2;3;3;3;3;3;4;3;3;1;1;1;1;1;2;4;1;1;5;1;4;5;1;3;3;1;3;3;1;2;4;1;5;1;3;3
2020/07/11 9:24:08 PM CET;0;50;0;23;1,67;2,29;1,67;1,67;2;2,57;3;1;3;2;2;3;2;2;2;3;1;2;3;1;1;2;4;1;3;3;3;3;5;1;3;3;1;3;3;3;4;2;4;2;1;5;1
2020/07/12 10:58:30 AM CET;1;42;1;40;1,25;2,21;1,17;1,33;2;2,43;4;4;4;4;4;4;4;4;4;4;1;1;1;1;1;1;5;1;5;1;2;4;5;1;1;5;1;5;1;2;5;1;3;3;1;5;1
2020/07/12 2:01:17 PM CET;0;52;0;29;1,75;2,81;1,5;2;2,33;3,29;3;3;3;2;3;3;3;3;3;3;1;3;2;2;1;1;5;2;2;4;2;2;4;2;4;2;1;3;3;2;2;4;3;3;2;4;2
2020/07/12 7:05:09 PM CET;1;68;0;30;2,5;2,67;2,33;2,67;2,33;3;3;3;3;3;3;3;3;3;3;3;1;3;2;2;2;1;5;1;3;3;3;2;1;5;3;3;1;4;2;4;4;2;4;2;3;2;4
2020/07/12 8:40:58 PM CET;0;32;1;32;2,08;3;1,5;2,67;3;3;4;3;3;3;3;4;3;3;3;3;1;3;1;4;1;3;3;2;1;5;2;2;3;3;3;3;1;5;1;3;2;4;3;3;3;4;2
2020/07/13 7:06:02 AM CET;0;57;0;35;3;3,21;4;2;3;3,43;3;4;3;4;4;3;3;4;4;3;4;3;4;4;4;2;4;2;2;4;4;2;2;4;4;2;4;4;2;2;2;4;2;4;2;2;4
2020/07/13 3:47:30 PM CET;1;59;0;29;2,5;2,43;3;2;2;2,86;3;2;3;3;3;3;3;3;3;3;3;3;4;2;3;1;5;1;3;3;3;1;4;2;4;2;3;4;2;3;4;2;4;2;2;2;4
2020/07/13 5:24:23 PM CET;0;37;0;33;1;1,76;1;1;1,67;1,86;4;4;3;3;4;3;2;4;3;3;1;1;1;1;1;4;2;1;4;2;1;3;5;1;5;1;1;3;3;1;3;3;5;1;1;5;1
2020/07/14 11:03:11 AM CET;0;46;1;27;1,25;3,1;1,17;1,33;2,33;3,86;2;2;1;3;3;2;4;4;3;3;1;5;2;1;1;1;5;1;1;5;1;1;5;1;4;2;1;4;2;1;2;4;1;5;2;2;4
2020/07/14 12:52:34 PM CET;0;35;0;32;1,17;2,48;1,33;1;2,67;2,29;4;2;3;3;3;3;3;4;3;4;1;3;1;2;1;3;3;1;2;4;2;3;4;2;5;1;1;4;2;1;3;3;4;2;1;5;1
2020/07/14 8:29:13 PM CET;1;27;0;30;2;3,76;2,67;1,33;3,67;3,86;3;3;3;3;3;3;3;3;3;3;3;4;4;2;3;1;5;1;1;5;2;5;4;2;3;3;2;5;1;2;2;4;2;4;1;1;5
2020/07/15 10:28:18 AM CET;0;52;1;32;3,25;2,69;2,83;3,67;2,67;2,71;3;3;3;3;3;3;3;4;4;3;2;5;1;1;1;4;2;5;3;3;5;2;1;5;5;1;3;3;3;4;4;2;2;4;2;2;4
2020/07/15 10:43:59 AM CET;0;24;1;30;1,67;2,62;2;1,33;2,67;2,57;3;3;3;3;3;3;3;3;3;3;1;3;2;2;1;3;3;1;3;3;2;3;1;5;4;2;1;4;2;2;4;2;3;3;1;3;3
2020/07/15 5:08:05 PM CET;0;52;0;20;1,08;2,17;1,17;1;1,33;3;2;2;2;2;2;2;2;2;2;2;1;1;1;1;1;3;3;1;2;4;1;2;4;2;5;1;1;3;3;1;2;4;4;2;1;2;4
2020/07/15 5:09:12 PM CET;1;32;1;36;1,08;2,62;1,17;1;1,67;3,57;4;3;3;3;4;4;3;4;4;4;1;1;1;1;1;1;5;1;1;5;1;3;4;2;5;1;1;1;5;1;1;5;4;2;1;4;2
2020/07/15 7:03:21 PM CET;0;39;1;31;1;2,17;1;1;1,33;3;4;2;3;3;3;3;3;4;3;3;1;1;1;1;1;2;4;1;2;4;1;2;5;1;5;1;1;2;4;1;2;4;4;2;1;4;2
2020/07/16 5:37:06 PM CET;0;52;0;36;1;3,05;1;1;2,67;3,43;4;3;4;3;3;4;3;4;4;4;1;4;1;1;1;2;4;1;2;4;1;3;5;1;4;2;1;2;4;1;1;5;3;3;1;4;2
2020/07/16 5:43:15 PM CET;1;62;0;30;1,83;3,48;2;1,67;3,67;3,29;3;3;3;3;3;3;3;3;3;3;1;5;1;3;1;1;5;1;4;2;3;3;1;5;3;3;1;4;2;3;2;4;2;4;1;3;3
2020/07/16 7:01:31 PM CET;1;32;0;28;1,42;2,4;1,83;1;2,67;2,14;3;3;3;3;3;4;2;2;2;3;1;3;1;2;1;1;5;1;5;1;3;3;2;4;5;1;1;5;1;1;5;1;3;3;1;3;3
2020/07/16 7:43:17 PM CET;1;24;0;34;2;4,67;2;2;4,33;5;4;3;3;3;3;4;4;4;3;3;1;3;4;5;3;1;5;1;1;5;1;5;5;1;1;5;2;1;5;4;1;5;1;5;1;1;5
2020/07/16 7:52:25 PM CET;0;42;1;40;1,42;2,88;1,83;1;3,33;2,43;4;4;4;4;4;4;4;4;4;4;1;4;1;2;1;2;4;1;2;4;2;4;1;5;3;3;1;4;2;1;4;2;5;1;1;5;1
2020/07/16 8:00:51 PM CET;1;25;1;36;3;3,71;3,67;2,33;3;4,43;4;3;3;4;3;4;4;3;4;4;4;4;3;3;3;1;5;1;1;5;4;2;1;5;2;4;3;1;5;3;1;5;2;4;3;3;3
2020/07/16 8:12:34 PM CET;0;41;1;40;2,83;2,62;2,33;3,33;3,67;1,57;4;4;4;4;4;4;4;4;4;4;1;5;3;5;1;1;5;4;5;1;5;1;3;3;5;1;1;5;1;2;5;1;5;1;4;5;1
2020/07/16 9:41:08 PM CET;0;35;0;29;1,08;2,33;1,17;1;2,67;2;3;3;3;3;3;3;3;2;3;3;1;3;2;2;1;1;5;1;5;1;1;3;5;1;5;1;1;5;1;1;5;1;4;2;1;3;3
2020/07/16 9:43:06 PM CET;0;33;1;30;1,5;2,69;1,33;1,67;2,67;2,71;3;3;3;3;3;3;3;3;3;3;1;3;2;3;1;4;2;2;2;4;2;2;5;1;3;3;1;4;2;1;3;3;3;3;2;4;2
2020/07/16 11:39:14 PM CET;0;26;1;36;3,17;2,26;4,33;2;2,67;1,86;4;3;3;3;3;4;4;4;4;4;5;4;5;1;4;4;2;1;3;3;5;3;3;3;5;1;4;5;1;4;5;1;4;2;1;3;3
2020/07/17 12:00:19 PM CET;0;29;0;36;1,58;2,52;1,5;1,67;2,33;2,71;4;3;3;3;4;4;3;4;4;4;1;3;2;2;1;3;3;1;2;4;2;2;4;2;4;2;1;4;2;2;3;3;3;3;2;4;2
2020/07/17 1:22:56 PM CET;0;38;1;31;3,08;2,24;3,17;3;2,33;2,14;4;3;3;3;3;3;3;3;3;3;2;3;4;3;3;3;3;4;4;2;3;1;3;3;5;1;4;3;3;3;5;1;3;3;2;4;2
2020/07/17 2:47:41 PM CET;1;27;1;37;1,58;2,64;1,83;1,33;2;3,29;3;4;3;3;4;4;4;4;4;4;1;1;3;3;1;2;4;1;2;4;3;2;4;2;5;1;1;4;2;2;4;2;1;5;1;1;5
2020/07/19 4:43:41 PM CET;1;28;0;32;3,17;1,9;3,67;2,67;1,67;2,14;3;3;3;2;3;4;3;3;4;4;4;2;5;2;4;3;3;2;4;2;4;1;4;2;4;2;3;5;1;4;4;2;3;3;2;4;2
2020/07/19 8:07:22 PM CET;1;22;0;30;1,67;2,5;2,33;1;2;3;2;3;3;3;4;3;4;2;3;3;4;2;3;2;2;3;3;1;1;5;2;2;4;2;4;2;1;4;2;1;4;2;1;5;1;4;2
2020/07/19 8:22:24 PM CET;0;45;1;39;1;3,33;1;1;2,67;4;4;4;4;3;4;4;4;4;4;4;1;3;1;1;1;1;5;1;1;5;1;4;5;1;4;2;1;1;5;1;1;5;4;2;1;2;4
2020/07/19 9:21:49 PM CET;1;56;0;31;3,25;2,6;3,5;3;2,33;2,86;4;3;3;3;3;3;3;3;3;3;5;3;4;1;2;2;4;3;4;2;3;3;3;3;4;2;4;4;2;3;3;3;2;4;3;3;3
2020/08/04 12:10:00 PM CET;0;34;0;17;1,5;3,31;1,67;1,33;3,33;3,29;2;1;2;2;2;2;1;1;2;2;1;3;3;4;1;1;5;1;1;5;1;3;4;2;1;5;2;5;1;2;4;2;4;2;1;3;3
2020/07/09 5:20:19 PM CET;0;25;1;28;1,83;3,74;2;1,67;3,33;4,14;4;3;2;2;2;3;2;3;3;4;1;4;1;2;2;1;5;2;2;4;3;4;3;3;3;3;2;2;4;1;1;5;2;4;2;2;4
2020/07/09 5:37:45 PM CET;1;27;0;27;2,75;2,81;3,5;2;2,33;3,29;3;3;3;2;2;3;2;3;3;3;2;1;4;2;4;1;5;2;3;3;4;4;1;5;2;4;2;4;2;2;4;2;3;3;2;2;4
2020/07/10 11:50:29 AM CET;0;38;1;34;1,25;2,62;1,5;1;1,67;3,57;4;3;3;3;3;3;3;4;4;4;1;1;1;1;1;1;5;1;1;5;2;3;3;3;5;1;1;3;3;1;3;3;3;3;1;1;5
2020/07/10 3:28:15 PM CET;0;28;1;34;2,67;2,86;3;2,33;3;2,71;4;4;3;3;4;4;2;3;4;3;3;5;4;3;2;1;5;3;4;2;2;1;2;4;5;1;3;3;3;2;4;2;2;4;2;4;2
2020/07/10 3:34:04 PM CET;0;28;0;28;1,33;2,48;1;1,67;2,67;2,29;4;3;3;2;2;4;2;3;3;2;1;5;1;1;1;3;3;1;3;3;1;2;5;1;4;2;1;5;1;2;5;1;2;4;2;4;2
2020/07/11 11:08:26 AM CET;0;19;0;23;1,58;2,29;1,5;1,67;3;1,57;2;3;1;1;2;3;3;2;3;3;1;3;2;3;1;4;2;2;4;2;3;3;5;1;5;1;1;5;1;2;5;1;4;2;1;4;2
2020/07/11 12:14:58 PM CET;0;59;1;39;2,08;3,36;2,83;1,33;3;3,71;4;4;4;4;4;4;4;4;4;3;2;3;2;2;2;1;5;1;3;3;5;4;1;5;1;5;1;3;3;2;4;2;2;4;1;2;4
2020/07/11 12:59:46 PM CET;1;33;0;32;2,08;2,6;1,83;2,33;2,33;2,86;4;3;3;4;3;3;3;3;3;3;1;2;2;1;1;1;5;5;2;4;1;4;1;5;4;2;1;5;1;1;5;1;1;5;1;4;2
2020/07/11 1:29:30 PM CET;1;27;1;30;4;2,26;3,67;4,33;2,67;1,86;3;3;3;3;3;3;2;3;3;4;4;2;4;4;3;4;2;5;4;2;5;2;4;2;5;1;4;4;2;4;5;1;3;3;4;4;2
2020/07/11 3:28:46 PM CET;0;46;1;33;2,75;3,26;3,17;2,33;3,67;2,86;3;3;3;3;3;4;3;4;3;4;4;4;4;2;2;2;4;4;2;4;2;5;1;5;4;2;2;4;2;1;2;4;3;3;2;5;1
2020/07/11 5:23:22 PM CET;1;23;0;30;3,5;2,95;2,33;4,67;3,33;2,57;3;3;3;3;3;3;3;3;3;3;4;3;3;3;1;2;4;5;4;2;2;4;5;1;5;1;3;4;2;5;4;2;1;5;4;4;2
2020/07/11 5:26:37 PM CET;0;24;0;25;4,33;3,33;4,67;4;3,67;3;3;3;4;1;2;2;2;3;3;2;4;5;5;3;5;3;3;4;2;4;5;3;1;5;1;5;4;5;1;3;5;1;2;4;5;3;3
2020/07/12 6:43:34 PM CET;0;55;0;30;4,5;1,69;4,33;4,67;1,67;1,71;3;3;3;3;3;3;3;3;3;3;4;3;5;1;5;4;2;5;5;1;4;1;1;5;4;2;3;4;2;5;5;1;5;1;4;3;3
2020/07/12 11:07:23 PM CET;0;67;1;28;3,33;3,07;2,67;4;3;3,14;3;3;2;3;3;3;2;3;3;3;3;3;4;4;2;1;5;5;2;4;3;2;4;2;4;2;2;4;2;2;4;2;2;4;5;3;3
2020/07/13 6:58:54 AM CET;1;40;1;30;4,58;2,12;4,83;4,33;1,67;2,57;3;3;3;3;3;3;3;3;3;3;5;1;5;3;4;4;2;4;3;3;5;1;1;5;2;4;5;4;2;5;4;2;3;3;4;4;2
2020/07/13 7:00:40 AM CET;1;55;0;30;2;4,62;3;1;4,67;4,57;3;3;3;3;3;3;3;3;3;3;1;5;4;5;2;1;5;1;1;5;5;4;1;5;4;2;1;1;5;1;1;5;1;5;1;1;5
2020/07/13 8:16:46 PM CET;0;39;1;30;2,25;2,88;2,83;1,67;2,33;3,43;3;2;3;3;4;3;3;3;3;3;2;3;4;2;2;2;4;1;1;5;2;2;2;4;4;2;3;4;2;2;2;4;2;4;2;3;3
2020/07/13 9:35:22 PM CET;0;44;0;25;4,25;2,86;4,5;4;2;3,71;2;3;2;3;3;3;1;2;3;3;4;2;5;3;4;4;2;4;2;4;5;1;1;5;2;4;4;2;4;4;2;4;2;4;4;2;4
2020/07/14 7:34:39 AM CET;0;55;0;29;3,83;1,98;4,33;3,33;1,67;2,29;3;3;3;2;3;3;3;3;3;3;3;2;5;1;4;3;3;3;4;2;5;2;1;5;5;1;4;4;2;4;5;1;2;4;3;3;3
2020/07/14 11:44:52 AM CET;1;27;1;37;1;2,98;1;1;2,67;3,29;3;2;4;4;4;4;4;4;4;4;1;3;1;2;1;1;5;1;2;4;1;3;5;1;5;1;1;4;2;1;3;3;3;3;1;1;5
2020/07/14 8:18:01 PM CET;1;31;0;33;2,5;3,36;2,33;2,67;3;3,71;4;4;3;3;3;3;3;3;3;4;1;2;3;3;2;1;5;3;1;5;2;4;1;5;4;2;1;5;1;4;2;4;2;4;1;1;5
2020/07/15 4:28:57 PM CET;0;29;0;27;1,83;2,1;1;2,67;1,33;2,86;2;3;1;3;3;3;2;4;3;3;1;1;1;1;1;3;3;2;2;4;1;2;5;1;4;2;1;4;2;4;4;2;2;4;2;3;3
2020/07/15 4:52:22 PM CET;0;32;0;38;1,83;2,1;1,67;2;2,33;1,86;4;4;3;4;4;4;3;4;4;4;1;5;2;1;1;2;4;1;5;1;2;1;3;3;5;1;1;5;1;2;5;1;2;4;3;5;1
2020/07/15 5:32:15 PM CET;0;36;1;39;1,25;2,98;1,5;1;3,67;2,29;4;4;3;4;4;4;4;4;4;4;2;5;3;3;1;2;4;1;4;2;1;3;5;1;4;2;1;3;3;1;5;1;5;1;1;3;3
2020/07/15 5:42:47 PM CET;0;39;0;30;2,5;2,43;3,33;1,67;3;1,86;3;3;3;3;3;3;3;3;3;3;3;2;4;4;3;4;2;1;5;1;4;3;3;3;4;2;3;3;3;3;5;1;5;1;1;3;3
2020/07/15 5:47:12 PM CET;1;46;0;38;1,67;2,86;1,67;1,67;2;3,71;4;3;4;4;4;4;4;4;4;3;1;3;1;2;1;1;5;2;2;4;1;1;1;5;2;4;1;5;1;2;1;5;2;4;1;3;3
2020/07/15 6:00:22 PM CET;1;69;1;34;2,67;1,9;2;3,33;1,67;2,14;3;3;3;3;3;4;3;4;4;4;1;2;3;2;1;1;5;2;5;1;4;1;4;2;4;2;1;5;1;5;5;1;4;2;3;3;3
2020/07/15 6:00:58 PM CET;0;32;0;35;4,42;1,6;4,17;4,67;1,33;1,86;3;4;4;3;4;4;3;3;3;4;3;2;5;1;4;2;4;5;5;1;5;1;1;5;5;1;3;4;2;5;5;1;5;1;4;3;3
2020/07/16 8:34:06 PM CET;0;33;0;32;4,42;2,05;4,17;4,67;2,67;1,43;4;3;3;3;3;4;3;3;3;3;4;3;5;4;4;5;1;4;5;1;4;1;3;3;3;3;5;4;2;5;5;1;5;1;5;5;1
2020/07/16 8:46:31 PM CET;0;22;0;33;3,25;2,19;2,83;3,67;2,67;1,71;4;3;3;3;2;3;4;3;4;4;4;2;4;4;2;3;3;5;5;1;2;2;4;2;5;1;3;4;2;3;5;1;5;1;3;3;3
2020/07/16 9:03:54 PM CET;0;32;1;24;2,58;2,29;1,5;3,67;2;2,57;3;2;2;2;2;3;2;2;3;3;1;3;1;1;1;2;4;4;2;4;2;2;3;3;5;1;1;5;1;4;5;1;2;4;3;3;3
2020/07/16 9:25:27 PM CET;0;33;0;25;2,67;1,95;1,67;3,67;2,33;1,57;3;3;2;2;2;3;3;2;2;3;1;2;1;3;1;3;3;5;5;1;4;2;4;2;5;1;1;4;2;3;5;1;5;1;3;4;2
2020/07/16 9:39:18 PM CET;0;23;0;26;1,08;3,76;1,17;1;3,67;3,86;3;3;2;3;2;2;3;2;3;3;1;3;1;4;1;1;5;1;2;4;2;4;5;1;3;3;1;3;3;1;2;4;1;5;1;3;3
2020/07/16 10:10:48 PM CET;1;28;0;33;3,67;4,31;4,67;2,67;4,33;4,29;3;3;3;2;3;4;4;4;3;4;4;5;5;4;5;1;5;3;2;4;5;4;1;5;2;4;4;2;4;4;2;4;2;4;1;1;5
2020/07/17 7:13:31 AM CET;0;26;0;29;2,08;3,4;1,5;2,67;2,67;4,14;3;2;2;3;3;3;3;2;4;4;1;4;2;1;1;3;3;2;1;5;1;3;3;3;4;2;1;1;5;2;2;4;1;5;4;1;5
2020/07/17 8:27:48 AM CET;0;25;1;28;3,33;3,1;4;2,67;2,33;3,86;3;3;2;3;3;3;3;2;3;3;5;3;4;2;3;1;5;4;2;4;4;2;1;5;3;3;3;2;4;2;2;4;2;4;2;3;3
2020/07/17 8:58:49 AM CET;0;24;0;29;1,58;3,29;1,83;1,33;3;3,57;3;2;3;3;3;3;3;2;3;4;2;3;3;3;2;1;5;2;1;5;1;3;5;1;1;5;2;4;2;1;4;2;3;3;1;3;3
2020/07/17 10:56:52 PM CET;0;49;0;31;1,83;1,79;1;2,67;1;2,57;4;3;3;3;3;3;3;3;3;3;1;1;1;1;1;1;5;2;3;3;1;1;5;1;5;1;1;5;1;3;3;3;3;3;3;4;2
2020/07/18 2:09:22 PM CET;1;25;1;28;2,25;2,93;2,5;2;2;3,86;3;2;3;2;3;3;1;4;4;3;1;3;2;1;5;1;5;1;1;5;4;2;5;1;5;1;2;2;4;4;1;5;4;2;1;1;5
2020/07/20 4:49:57 PM CET;0;25;1;32;2;2,07;1,67;2,33;2;2,14;3;2;2;3;4;4;3;3;4;4;2;2;2;2;3;3;3;2;4;2;1;2;5;1;5;1;1;4;2;2;3;3;4;2;3;4;2
2020/07/20 7:13:41 PM CET;0;21;1;27;2,25;2,17;1,5;3;3,33;1;2;1;3;3;3;3;3;3;3;3;2;5;2;2;1;5;1;5;5;1;1;3;5;1;5;1;2;5;1;2;5;1;5;1;2;5;1
2020/07/21 9:52:56 PM CET;0;40;1;32;4,67;2,31;5;4,33;2,33;2,29;4;3;4;3;3;3;3;3;3;3;5;3;5;3;5;5;1;5;2;4;5;1;1;5;3;3;5;4;2;5;4;2;3;3;3;5;1
2020/07/09 5:34:17 PM CET;1;26;1;30;3,58;2,9;4,17;3;1,67;4,14;3;3;3;3;3;3;3;3;3;3;1;1;5;1;5;1;5;4;2;4;5;3;1;5;4;2;4;1;5;3;1;5;2;4;2;2;4
2020/07/09 5:39:58 PM CET;0;32;0;35;2,25;3,6;1,17;3,33;4,33;2,86;3;3;3;3;4;4;4;3;4;4;1;5;1;4;1;1;5;4;4;2;1;4;4;2;4;2;1;5;1;2;2;4;4;2;4;2;4
2020/07/09 6:58:37 PM CET;1;26;0;37;2,58;4,67;2,83;2,33;4,33;5;3;3;3;4;4;4;4;4;4;4;1;5;3;3;1;1;5;4;1;5;4;5;1;5;1;5;3;1;5;2;1;5;1;5;1;1;5
2020/07/10 11:09:50 AM CET;0;25;0;40;2,5;4,05;2;3;3,67;4,43;4;4;4;4;4;4;4;4;4;4;3;5;3;5;3;1;5;5;1;5;1;1;5;1;1;5;1;3;3;1;1;5;1;5;3;3;3
2020/07/10 3:09:27 PM CET;1;27;0;30;2,17;5;3,33;1;5;5;3;3;3;3;3;3;3;3;3;3;3;5;3;5;4;1;5;1;1;5;4;5;2;4;1;5;2;1;5;1;1;5;1;5;1;1;5
2020/07/11 10:24:18 AM CET;1;59;0;27;2,17;1,86;2,33;2;2;1,71;3;3;3;2;2;3;2;3;3;3;2;1;3;1;2;1;5;1;5;1;3;4;3;3;4;2;1;5;1;3;5;1;5;1;2;5;1
2020/07/11 10:54:22 AM CET;1;46;1;30;3,08;2,69;3,17;3;2,67;2,71;3;3;3;3;3;3;3;3;3;3;4;3;4;2;2;3;3;1;2;4;3;3;3;3;5;1;3;3;3;5;3;3;3;3;3;4;2
2020/07/11 12:40:20 PM CET;0;62;0;31;1,67;2,88;1,67;1,67;2,33;3,43;3;3;3;3;3;3;4;3;3;3;1;1;3;3;1;1;5;1;2;4;1;3;3;3;2;4;1;5;1;3;5;1;1;5;1;2;4
2020/07/11 1:10:37 PM CET;0;22;0;37;1,58;2,48;1,17;2;2,67;2,29;3;4;4;4;4;4;3;3;4;4;1;3;1;3;1;2;4;2;3;3;2;2;5;1;2;4;1;5;1;2;5;1;5;1;2;4;2
2020/07/11 1:22:50 PM CET;1;62;0;28;1,08;3,07;1,17;1;3;3,14;3;2;3;3;3;3;3;2;3;3;1;2;2;2;1;1;5;1;2;4;1;5;5;1;5;1;1;3;3;1;4;2;2;4;1;3;3
2020/07/11 1:35:14 PM CET;1;43;1;40;3,83;3,57;4,67;3;3;4,14;4;4;4;4;4;4;4;4;4;4;5;5;5;3;5;1;5;3;2;4;5;1;1;5;1;5;3;1;5;3;3;3;3;3;3;2;4
2020/07/11 1:55:28 PM CET;1;54;1;38;2,25;3,62;1,83;2,67;3,67;3,57;4;3;4;4;4;4;4;3;4;4;1;3;2;4;1;1;5;2;2;4;3;4;3;3;5;1;1;2;4;4;2;4;4;2;2;1;5
2020/07/11 5:10:19 PM CET;0;29;0;30;1;3,48;1;1;2,67;4,29;3;3;3;3;3;3;3;3;3;3;1;2;1;1;1;1;5;1;1;5;1;5;5;1;2;4;1;1;5;1;2;4;4;2;1;1;5
2020/07/11 5:44:11 PM CET;0;49;0;36;1;2,79;1;1;2;3,57;3;3;4;3;3;4;4;4;4;4;1;2;1;2;1;2;4;1;2;4;1;2;5;1;3;3;1;3;3;1;2;4;2;4;1;3;3
2020/07/11 8:17:09 PM CET;1;80;1;29;1,42;3,62;1,83;1;3,67;3,57;3;2;3;2;2;3;3;3;4;4;1;3;3;4;2;2;4;1;2;4;2;4;4;2;3;3;1;2;4;1;3;3;2;4;1;3;3
2020/07/12 11:41:32 AM CET;0;56;0;34;2,17;2,52;1,67;2,67;2,33;2,71;4;2;3;3;4;4;3;3;4;4;1;4;3;1;2;1;5;4;2;4;1;2;5;1;5;1;2;5;1;2;5;1;3;3;2;2;4
2020/07/12 5:36:25 PM CET;0;22;0;13;3;2,52;5;1;2,33;2,71;1;2;1;1;1;2;2;1;1;1;5;3;5;1;5;3;3;1;4;2;5;3;1;5;4;2;5;3;3;1;3;3;3;3;1;3;3
2020/07/12 6:46:36 PM CET;1;54;0;32;1,75;3,9;2,17;1,33;3,67;4,14;4;3;3;2;3;4;3;3;4;3;1;2;1;5;1;1;5;1;1;5;4;4;1;5;5;1;1;3;3;2;1;5;1;5;1;1;5
2020/07/12 8:24:58 PM CET;0;57;0;33;2;3,07;2,33;1,67;3;3,14;4;3;3;3;3;4;3;3;3;4;2;4;2;1;1;1;5;1;1;5;4;4;3;3;4;2;2;2;4;2;4;2;5;1;2;3;3
2020/07/13 8:26:35 AM CET;0;47;1;27;1,67;3,29;1,67;1,67;3;3,57;3;2;3;3;3;3;2;2;3;3;1;3;2;3;1;1;5;1;2;4;2;3;3;3;4;2;1;3;3;2;3;3;2;4;2;2;4
2020/07/13 5:04:51 PM CET;0;24;1;28;2,5;2,64;2,67;2,33;3;2,29;3;4;3;2;3;3;2;2;3;3;2;1;4;4;2;4;2;2;4;2;3;4;3;3;5;1;2;3;3;3;4;2;2;4;2;4;2
2020/07/14 11:20:29 AM CET;0;29;0;34;4,33;1,76;4;4,67;1,67;1,86;4;4;3;3;4;4;3;3;3;3;4;2;4;2;3;4;2;5;5;1;5;1;2;4;4;2;4;4;2;5;5;1;4;2;4;3;3
2020/07/14 1:31:20 PM CET;0;25;0;37;1,75;3,86;1,17;2,33;4;3,71;4;3;3;4;4;4;4;3;4;4;1;5;1;3;1;2;4;5;1;5;1;4;4;2;3;3;1;3;3;1;3;3;1;5;1;3;3
2020/07/14 2:24:03 PM CET;1;28;0;27;1,83;2,83;1,33;2,33;2,67;3;3;2;3;2;3;3;2;3;3;3;1;4;2;2;1;1;5;1;2;4;1;2;4;2;5;1;1;4;2;4;4;2;2;4;2;3;3
2020/07/14 4:25:52 PM CET;0;26;0;39;1,92;3,43;1,5;2,33;4;2,86;4;3;4;4;4;4;4;4;4;4;1;5;1;3;1;1;5;4;2;4;1;4;2;4;4;2;1;3;3;2;4;2;3;3;1;5;1
2020/07/14 7:20:41 PM CET;0;27;0;25;1,33;3,26;1;1,67;2,67;3,86;3;3;2;2;2;3;2;3;2;3;1;3;1;1;1;1;5;1;2;4;1;4;5;1;2;4;1;2;4;2;2;4;4;2;2;2;4
2020/07/16 7:25:12 PM CET;0;25;0;34;2,67;2,4;1,33;4;3,67;1,14;4;3;3;3;3;4;3;4;3;4;1;5;2;4;2;4;2;5;5;1;1;2;5;1;5;1;1;5;1;3;5;1;5;1;4;5;1
2020/07/16 7:33:34 PM CET;1;23;0;32;2,25;4,38;1,83;2,67;4,33;4,43;4;4;3;3;4;3;2;3;3;3;1;5;1;3;1;1;5;3;1;5;2;5;3;3;4;2;3;1;5;3;1;5;1;5;2;2;4
2020/07/16 7:42:50 PM CET;0;33;0;28;3,33;2,1;2,33;4,33;1,33;2,86;3;3;2;3;3;4;2;2;3;3;1;2;4;1;2;2;4;4;3;3;2;1;5;1;5;1;4;5;1;5;5;1;1;5;4;1;5
2020/07/16 7:47:02 PM CET;0;26;1;30;3,75;3,33;3,17;4,33;3,67;3;3;2;4;3;3;3;3;3;3;3;4;5;4;2;3;1;5;5;2;4;4;4;5;1;5;1;3;4;2;5;5;1;1;5;3;3;3
2020/07/16 7:51:45 PM CET;0;55;1;30;2,83;2,1;3;2,67;2,33;1,86;3;3;3;3;3;3;3;3;3;3;4;4;4;1;1;2;4;3;5;1;4;2;3;3;4;2;2;4;2;3;5;1;5;1;2;4;2
2020/07/16 9:11:45 PM CET;0;27;0;34;2;2,05;1,67;2,33;1,67;2,43;4;4;4;3;3;4;3;3;3;3;1;1;3;1;1;2;4;1;4;2;1;3;5;1;2;4;3;5;1;3;5;1;2;4;3;5;1
2020/07/16 9:35:12 PM CET;0;26;1;34;1;2,26;1;1;1,67;2,86;3;4;3;4;3;4;4;3;3;3;1;2;1;1;1;2;4;1;1;5;1;2;5;1;5;1;1;2;4;1;4;2;4;2;1;4;2
2020/07/17 11:47:05 PM CET;0;28;1;35;1,17;2,38;1;1,33;2,33;2,43;4;3;3;3;3;4;4;3;4;4;1;2;1;1;1;4;2;1;2;4;1;4;5;1;4;2;1;5;1;1;5;1;2;4;2;3;3
